a1,a2,a3
Anecdote,Anecdote,Anecdote
Anecdote,Anecdote,Anecdote
Anecdote,Anecdote,Anecdote
Anecdote,Anecdote,Anecdote
Assumption,Assumption,Assumption
Assumption,Assumption,Assumption
Anecdote,Anecdote,Anecdote
Assumption,Assumption,Anecdote
Assumption,Assumption,Anecdote
Assumption,Assumption,Anecdote
Assumption,Assumption,Assumption
Assumption,Assumption,Assumption
Assumption,Assumption,Assumption
Anecdote,Anecdote,Anecdote
Assumption,Anecdote,Anecdote
Assumption,Assumption,Assumption
Assumption,Statistics/Study,None
Assumption,Statistics/Study,Assumption
Assumption,Assumption,None
Assumption,Statistics/Study,Anecdote
Anecdote,Anecdote,Anecdote
Assumption,Assumption,Assumption
Assumption,Assumption,Assumption
Assumption,Other,None
Assumption,Other,None
Assumption,Other,None
Assumption,Other,None
Assumption,Other,None
Assumption,Assumption,Assumption
Assumption,Assumption,Assumption
Definition,Definition,None
Definition,Definition,None
None,None,None
Assumption,Assumption,Assumption
Assumption,Assumption,Assumption
None,None,None
Assumption,Assumption,Assumption
Assumption,Assumption,Assumption
Assumption,Assumption,Assumption
None,None,None
Assumption,Assumption,Assumption
None,None,None
Assumption,Anecdote,Assumption
Assumption,Anecdote,Assumption
Assumption,Assumption,Anecdote
Assumption,Assumption,Assumption
Assumption,Anecdote,Anecdote
Testimony,Anecdote,Anecdote
Testimony,Assumption,Anecdote
Assumption,Assumption,Assumption
Testimony,Anecdote,Anecdote
Testimony,Assumption,Assumption
Testimony,Assumption,Assumption
Testimony,Assumption,Assumption
Testimony,Assumption,Assumption
None,None,None
None,None,None
Assumption,Assumption,Assumption
Assumption,Assumption,Assumption
Anecdote,Anecdote,Anecdote
Anecdote,Anecdote,Anecdote
Assumption,Anecdote,Anecdote
Assumption,Assumption,Anecdote
Assumption,Anecdote,None
Assumption,None,Assumption
Assumption,None,None
Testimony,Anecdote,Testimony
Assumption,Assumption,Assumption
Assumption,Assumption,Anecdote
Assumption,Assumption,Anecdote
Assumption,Statistics/Study,Assumption
Assumption,Assumption,Assumption
Assumption,Assumption,Assumption
Assumption,Assumption,Assumption
Assumption,Assumption,Assumption
Assumption,Assumption,Assumption
Assumption,Assumption,Assumption
Assumption,Assumption,None
Assumption,Assumption,Assumption
Testimony,Anecdote,Assumption
Anecdote,Anecdote,Anecdote
Anecdote,Anecdote,Anecdote
Assumption,Assumption,Assumption
Assumption,Assumption,Anecdote
Assumption,Assumption,Assumption
Assumption,Assumption,Assumption
Assumption,Assumption,Assumption
Anecdote,Anecdote,Anecdote
Assumption,Assumption,Assumption
Assumption,Assumption,Assumption
Assumption,Assumption,Assumption
Assumption,Assumption,Assumption
Assumption,None,None
Assumption,None,None
Anecdote,Anecdote,Anecdote
None,Anecdote,None
Anecdote,Anecdote,Anecdote
Anecdote,Anecdote,Anecdote
Assumption,Anecdote,Anecdote
Anecdote,Anecdote,Anecdote
Assumption,Anecdote,Anecdote
Assumption,None,Assumption
Assumption,Assumption,Assumption
Assumption,Assumption,Assumption
Assumption,None,Assumption
Anecdote,Anecdote,Anecdote
Anecdote,Anecdote,Anecdote
Anecdote,Anecdote,Anecdote
Anecdote,Anecdote,Other
Anecdote,Anecdote,Other
Anecdote,Anecdote,Other
Assumption,Other,Other
Other,Other,Other
None,Other,None
Assumption,Assumption,Assumption
Assumption,Assumption,Assumption
Assumption,Assumption,Assumption
Assumption,Assumption,Assumption
Assumption,Assumption,Assumption
Assumption,Assumption,Assumption
Assumption,Assumption,Assumption
Assumption,Assumption,Assumption
None,None,None
None,None,None
Testimony,Anecdote,Testimony
Testimony,Anecdote,Testimony
Statistics/Study,Statistics/Study,Testimony
Assumption,Statistics/Study,Assumption
Assumption,Other,Assumption
Assumption,Statistics/Study,Assumption
Assumption,Assumption,None
Assumption,Assumption,Assumption
Assumption,Assumption,Assumption
Assumption,None,Assumption
Other,None,None
Assumption,Definition,Assumption
Assumption,Anecdote,None
Assumption,None,Assumption
Definition,None,Assumption
Assumption,Assumption,Assumption
Assumption,Assumption,Assumption
Assumption,Assumption,Assumption
Assumption,None,Assumption
Assumption,None,None
Assumption,Assumption,Assumption
Assumption,Anecdote,Assumption
None,None,Anecdote
None,None,Anecdote
Other,None,None
Other,None,None
Other,Other,Other
Other,Other,None
Assumption,Assumption,Assumption
Assumption,Assumption,Assumption
Assumption,Assumption,Assumption
Assumption,Definition,Assumption
Assumption,Definition,Assumption
Assumption,Definition,Assumption
Definition,Assumption,Definition
Assumption,Assumption,Assumption
Assumption,Assumption,Assumption
Testimony,Statistics/Study,Anecdote
Testimony,Statistics/Study,Anecdote
Testimony,Statistics/Study,Assumption
Anecdote,Statistics/Study,None
Other,None,None
Definition,Definition,Definition
Definition,None,Assumption
Definition,Definition,Assumption
Definition,Definition,Assumption
Definition,Definition,Assumption
Assumption,Assumption,None
Assumption,Anecdote,None
Assumption,Other,None
Assumption,Anecdote,None
Assumption,Assumption,None
None,None,None
Definition,Definition,Assumption
Assumption,None,None
Definition,Anecdote,Assumption
Definition,Anecdote,Assumption
Definition,Anecdote,Assumption
Anecdote,Anecdote,Assumption
Anecdote,Anecdote,Assumption
Anecdote,Anecdote,Assumption
Anecdote,Anecdote,Assumption
Anecdote,Anecdote,Assumption
Assumption,Assumption,Assumption
Assumption,Assumption,Assumption
Anecdote,None,None
None,None,None
Definition,Definition,Other
Definition,Definition,Other
Definition,Definition,Other
Other,None,None
Anecdote,Anecdote,Assumption
Definition,Definition,None
Assumption,Definition,Assumption
Assumption,Definition,Assumption
Assumption,None,None
Assumption,None,Assumption
None,None,None
Anecdote,Anecdote,Assumption
Anecdote,Anecdote,Assumption
Anecdote,Anecdote,Assumption
Anecdote,Anecdote,Assumption
Anecdote,Anecdote,Assumption
Definition,Definition,Assumption
Assumption,Assumption,Assumption
Anecdote,Anecdote,Assumption
Anecdote,Anecdote,Assumption
Anecdote,Anecdote,Assumption
Anecdote,Assumption,Assumption
Assumption,None,None
Assumption,None,None
Definition,Definition,Assumption
Definition,Definition,Assumption
Definition,None,Assumption
Assumption,None,None
Assumption,Assumption,Assumption
Assumption,Assumption,Assumption
Definition,Definition,Assumption
Definition,Definition,Assumption
Definition,Definition,Assumption
Assumption,Definition,Assumption
Assumption,Assumption,Assumption
Assumption,Assumption,Assumption
Assumption,Anecdote,Assumption
Assumption,Anecdote,Assumption
Assumption,Anecdote,Assumption
Assumption,Anecdote,Assumption
Assumption,Anecdote,Assumption
Definition,Definition,Definition
Definition,Definition,Definition
Assumption,Assumption,Definition
Anecdote,Anecdote,Anecdote
Assumption,Assumption,Anecdote
Assumption,Assumption,Anecdote
Assumption,None,Anecdote
Assumption,None,Assumption
Assumption,None,Assumption
Assumption,None,Assumption
Definition,Definition,Definition
Assumption,Definition,Assumption
Anecdote,Anecdote,Assumption
Definition,Definition,Assumption
Anecdote,Anecdote,None
Anecdote,Anecdote,Assumption
Assumption,Anecdote,Assumption
Assumption,Anecdote,Assumption
None,None,None
Other,Definition,Assumption
Other,Definition,Assumption
Definition,Definition,Assumption
Other,None,None
None,None,None
Assumption,None,None
Assumption,None,Assumption
Anecdote,Definition,Assumption
Anecdote,Definition,Assumption
Assumption,None,None
None,None,None
Assumption,Assumption,Assumption
Assumption,Assumption,Assumption
Assumption,Assumption,Assumption
Assumption,Assumption,Assumption
Assumption,Assumption,Assumption
None,None,None
Assumption,Assumption,Assumption
Assumption,Assumption,Assumption
Assumption,Assumption,Assumption
Assumption,Assumption,Assumption
Assumption,Assumption,Assumption
None,None,None
None,None,None
Assumption,Assumption,Assumption
Assumption,Assumption,Assumption
Assumption,Assumption,Assumption
Assumption,Assumption,Assumption
Assumption,Assumption,Assumption
Assumption,Assumption,Assumption
Assumption,Assumption,Assumption
Other,Other,Other
Other,Other,Other
Other,Other,Other
Other,Other,Other
Assumption,Assumption,Assumption
Assumption,Assumption,Assumption
Assumption,Assumption,Assumption
Assumption,Assumption,Assumption
Other,Other,Other
Anecdote,Anecdote,Anecdote
Anecdote,Anecdote,Anecdote
Anecdote,Anecdote,Assumption
Assumption,Assumption,Assumption
Assumption,Assumption,Assumption
Assumption,Assumption,Assumption
Assumption,Assumption,Assumption
Assumption,Assumption,Assumption
Assumption,Assumption,Assumption
Assumption,Assumption,Assumption
Assumption,Assumption,Assumption
Other,Other,Other
Statistics/Study,Statistics/Study,Statistics/Study
Other,Statistics/Study,Statistics/Study
Other,Statistics/Study,Statistics/Study
None,None,None
None,None,None
Assumption,Assumption,Assumption
Assumption,Assumption,Assumption
Assumption,Assumption,Assumption
Assumption,Assumption,Assumption
Assumption,Assumption,Assumption
Assumption,Assumption,Assumption
Assumption,Assumption,Assumption
Anecdote,Anecdote,Anecdote
Anecdote,Anecdote,Anecdote
Anecdote,Anecdote,Anecdote
Anecdote,Anecdote,Anecdote
Assumption,Assumption,None
Assumption,Other,None
Assumption,Assumption,Assumption
Other,Other,None
Assumption,Other,None
None,None,None
Assumption,Assumption,Assumption
Anecdote,Testimony,Anecdote
Anecdote,Testimony,Anecdote
Anecdote,Testimony,Anecdote
Assumption,Testimony,None
Assumption,Assumption,None
Assumption,Assumption,Assumption
Assumption,Assumption,Assumption
Assumption,Assumption,Assumption
Assumption,Assumption,Assumption
Assumption,Assumption,Assumption
Assumption,Assumption,Assumption
Assumption,Assumption,Assumption
Assumption,Assumption,Assumption
Assumption,Assumption,Assumption
None,Assumption,Assumption
Assumption,Assumption,None
None,None,None
None,None,None
Anecdote,Anecdote,Anecdote
Anecdote,Anecdote,Anecdote
Assumption,Assumption,Assumption
Anecdote,Assumption,Assumption
Assumption,None,None
Definition,Definition,None
Assumption,Definition,Assumption
Assumption,Assumption,Assumption
Assumption,Assumption,Assumption
Assumption,Assumption,Assumption
Definition,Assumption,Assumption
Anecdote,Anecdote,Anecdote
Statistics/Study,Statistics/Study,Statistics/Study
Statistics/Study,Statistics/Study,Statistics/Study
Assumption,Statistics/Study,Statistics/Study
None,None,None
Assumption,Assumption,Assumption
Assumption,Assumption,Assumption
Testimony,Anecdote,Anecdote
Assumption,Anecdote,Assumption
Assumption,Assumption,Assumption
Assumption,None,None
Assumption,Assumption,Assumption
None,None,None
Anecdote,Anecdote,Anecdote
Anecdote,Anecdote,Anecdote
Assumption,Anecdote,Assumption
Assumption,Assumption,None
Assumption,Assumption,None
Assumption,Assumption,Assumption
Assumption,Assumption,Assumption
Assumption,Assumption,Assumption
Assumption,Assumption,Assumption
Assumption,Assumption,None
Anecdote,Anecdote,Anecdote
Anecdote,Anecdote,Anecdote
Anecdote,Anecdote,Anecdote
Anecdote,Anecdote,None
Assumption,Anecdote,None
Definition,Assumption,Assumption
Other,Assumption,None
Other,None,None
Assumption,Assumption,Assumption
Assumption,Assumption,Assumption
Other,Other,Other
Assumption,Other,Other
Other,None,None
Assumption,Assumption,None
Assumption,Assumption,None
Assumption,None,Assumption
Assumption,Assumption,Assumption
Anecdote,Anecdote,Anecdote
Anecdote,Assumption,Anecdote
Anecdote,Assumption,Anecdote
Anecdote,Assumption,Anecdote
Assumption,Assumption,None
Assumption,Assumption,Assumption
Assumption,Assumption,Assumption
Assumption,Assumption,Assumption
Assumption,Assumption,Assumption
Definition,Definition,None
Anecdote,Anecdote,Anecdote
Anecdote,Anecdote,Anecdote
Assumption,Anecdote,Anecdote
Assumption,Anecdote,Anecdote
Assumption,Assumption,None
Assumption,None,None
Assumption,Anecdote,None
Assumption,None,None
Assumption,None,None
Assumption,None,None
Assumption,None,None
Assumption,Assumption,None
Assumption,Assumption,Assumption
Assumption,Assumption,Assumption
Assumption,Assumption,None
Assumption,None,None
Anecdote,Assumption,Testimony
Assumption,Assumption,Assumption
Assumption,Anecdote,Assumption
Assumption,Assumption,None
Assumption,Anecdote,Assumption
Assumption,Anecdote,Assumption
Assumption,Assumption,Assumption
Assumption,Anecdote,Assumption
Assumption,Assumption,Assumption
Assumption,None,None
Assumption,None,Assumption
Assumption,Assumption,Assumption
None,None,None
None,None,None
Assumption,None,Assumption
Assumption,None,Assumption
None,Assumption,None
Assumption,Assumption,Assumption
Assumption,Anecdote,Assumption
Assumption,Assumption,Assumption
Assumption,Assumption,Assumption
Assumption,None,Assumption
Assumption,Assumption,Assumption
Assumption,Assumption,None
Assumption,None,None
Assumption,Assumption,Assumption
Definition,Definition,None
Assumption,Assumption,None
Anecdote,Assumption,Anecdote
Assumption,Anecdote,Anecdote
Assumption,Assumption,Assumption
Assumption,Assumption,Assumption
Assumption,Assumption,Assumption
Assumption,Assumption,Assumption
Assumption,Assumption,Assumption
Assumption,None,None
Assumption,Assumption,None
Assumption,Assumption,Assumption
Assumption,Assumption,Assumption
Assumption,Assumption,Assumption
None,None,None
Assumption,None,None
Assumption,Assumption,Anecdote
Assumption,Assumption,Anecdote
Assumption,Assumption,Anecdote
Assumption,Assumption,Anecdote
Assumption,Assumption,Anecdote
Assumption,Assumption,Anecdote
Assumption,Assumption,Anecdote
Assumption,Assumption,Anecdote
Assumption,None,Testimony
Other,None,None
Assumption,Assumption,Assumption
Assumption,None,None
Assumption,None,None
Assumption,Assumption,Anecdote
Assumption,Assumption,Assumption
Assumption,Assumption,Assumption
Assumption,Assumption,Assumption
Assumption,Assumption,Assumption
Assumption,Assumption,Assumption
Anecdote,Assumption,Assumption
Assumption,Assumption,Assumption
Anecdote,Assumption,Anecdote
Assumption,None,None
Definition,Assumption,None
Definition,Assumption,None
Assumption,Assumption,None
Assumption,Assumption,None
Assumption,Assumption,Assumption
Assumption,Assumption,Assumption
Assumption,Assumption,Assumption
Assumption,Assumption,None
Assumption,Assumption,Assumption
Assumption,Assumption,Assumption
None,None,None
Assumption,Assumption,None
Assumption,Assumption,None
Assumption,Assumption,None
Assumption,Assumption,None
Assumption,Assumption,None
Assumption,Assumption,None
None,None,None
None,None,None
None,None,None
Assumption,Assumption,Assumption
None,None,None
None,None,None
Anecdote,None,Anecdote
Anecdote,Anecdote,Anecdote
Assumption,Assumption,None
Assumption,Assumption,None
Anecdote,Assumption,Anecdote
Anecdote,Assumption,Anecdote
Anecdote,None,Anecdote
Assumption,Assumption,Anecdote
Assumption,Other,None
Assumption,Assumption,None
Definition,None,None
Anecdote,Anecdote,Testimony
Assumption,Assumption,Anecdote
Assumption,Assumption,Anecdote
None,None,None
None,None,None
None,None,None
Assumption,None,None
Assumption,Definition,Anecdote
Assumption,Assumption,Assumption
Assumption,Assumption,Assumption
Assumption,Assumption,Assumption
Assumption,Assumption,Assumption
Assumption,Assumption,Assumption
Statistics/Study,Statistics/Study,Statistics/Study
Assumption,Statistics/Study,Statistics/Study
Assumption,None,Assumption
Assumption,Assumption,Assumption
Assumption,Assumption,None
Assumption,Assumption,Assumption
None,None,None
Assumption,Assumption,Anecdote
Assumption,Assumption,Assumption
Assumption,Assumption,Anecdote
Assumption,Other,None
Assumption,Assumption,Assumption
Assumption,Assumption,None
Assumption,Assumption,Assumption
Assumption,None,None
Assumption,None,None
Assumption,Assumption,None
Assumption,Assumption,Assumption
Assumption,Other,None
Assumption,Other,None
None,Other,None
Assumption,None,None
Assumption,None,Assumption
Assumption,Assumption,Assumption
Assumption,Assumption,Assumption
Statistics/Study,Statistics/Study,Statistics/Study
Statistics/Study,Statistics/Study,Statistics/Study
Statistics/Study,Statistics/Study,Assumption
Statistics/Study,Statistics/Study,Statistics/Study
Statistics/Study,Statistics/Study,Assumption
Statistics/Study,Statistics/Study,Statistics/Study
Statistics/Study,Statistics/Study,Statistics/Study
Assumption,Statistics/Study,Assumption
Statistics/Study,Statistics/Study,Statistics/Study
Statistics/Study,Statistics/Study,Statistics/Study
Other,Assumption,Assumption
Statistics/Study,Statistics/Study,Assumption
None,None,None
Assumption,Assumption,Assumption
None,None,None
Assumption,None,Assumption
Assumption,Anecdote,Anecdote
Assumption,Anecdote,Anecdote
Assumption,Assumption,Anecdote
Assumption,None,None
Assumption,Assumption,Assumption
Assumption,Assumption,Assumption
None,None,None
Assumption,None,Assumption
Statistics/Study,Statistics/Study,Statistics/Study
Assumption,Assumption,Assumption
Assumption,Assumption,Assumption
Assumption,None,Assumption
Assumption,Assumption,Assumption
Assumption,Assumption,Assumption
Assumption,Assumption,Assumption
Assumption,Anecdote,Anecdote
Assumption,Anecdote,Anecdote
Assumption,Anecdote,Anecdote
Assumption,Anecdote,Assumption
Assumption,None,None
Assumption,Anecdote,Anecdote
Assumption,Anecdote,Anecdote
Assumption,Anecdote,Anecdote
Definition,Anecdote,Anecdote
Definition,Assumption,Assumption
Assumption,Assumption,Assumption
Other,Other,None
Other,None,None
Assumption,Assumption,Assumption
Assumption,Assumption,Assumption
Other,Assumption,Other
Other,None,Other
Other,None,None
Other,None,None
Assumption,Assumption,Other
Assumption,Assumption,Assumption
Assumption,Assumption,Assumption
Other,None,None
Other,None,None
Assumption,Assumption,Assumption
Assumption,Assumption,Assumption
Other,None,None
Assumption,Assumption,None
Other,Assumption,Assumption
None,None,None
Assumption,Assumption,Assumption
Assumption,Assumption,Assumption
Assumption,Assumption,Assumption
Assumption,None,None
Assumption,Assumption,Assumption
Assumption,Assumption,Assumption
Anecdote,Anecdote,Testimony
Anecdote,Statistics/Study,Anecdote
Anecdote,Assumption,Assumption
Other,None,None
Assumption,Assumption,Assumption
Assumption,Assumption,Assumption
Assumption,Assumption,Assumption
Assumption,Assumption,Assumption
Assumption,Assumption,Assumption
Assumption,Assumption,Assumption
Assumption,Assumption,Assumption
Assumption,Assumption,Assumption
Assumption,Assumption,Assumption
Anecdote,Anecdote,Anecdote
Anecdote,Anecdote,Anecdote
Anecdote,Anecdote,Anecdote
Anecdote,Anecdote,Anecdote
Assumption,Assumption,Assumption
None,None,None
Assumption,Assumption,None
Assumption,Assumption,Assumption
Assumption,Assumption,Assumption
Assumption,Assumption,Anecdote
Assumption,Assumption,Anecdote
Assumption,Assumption,Anecdote
Assumption,Assumption,Assumption
Assumption,Assumption,Assumption
Assumption,Assumption,Assumption
Assumption,Assumption,Assumption
Assumption,Assumption,Assumption
Assumption,Assumption,Assumption
Assumption,Assumption,Anecdote
Assumption,Assumption,Assumption
Assumption,Anecdote,Assumption
Assumption,Assumption,Assumption
Assumption,Assumption,Assumption
Assumption,Assumption,None
Assumption,Assumption,Assumption
Assumption,Assumption,Assumption
Assumption,Anecdote,Assumption
Assumption,Assumption,Assumption
Assumption,Other,None
Assumption,None,Assumption
Assumption,Assumption,Assumption
Other,None,None
Other,None,None
Other,Other,None
Assumption,Assumption,Assumption
Assumption,Assumption,Assumption
Assumption,Other,None
Assumption,Assumption,Assumption
Assumption,Other,None
None,None,None
Assumption,Assumption,Assumption
Assumption,None,Assumption
Assumption,None,Assumption
Assumption,None,None
Other,None,None
Other,None,None
Other,None,None
Assumption,Assumption,Assumption
Assumption,Anecdote,Anecdote
Assumption,Anecdote,Anecdote
Assumption,Anecdote,Anecdote
Assumption,Anecdote,Anecdote
Assumption,Anecdote,Anecdote
Assumption,Other,None
Assumption,Assumption,Assumption
Assumption,Assumption,Assumption
Assumption,Assumption,Assumption
None,None,None
Assumption,Assumption,Assumption
Assumption,Assumption,Assumption
Anecdote,Anecdote,Anecdote
Assumption,Other,None
Assumption,Other,Assumption
Other,None,None
Other,Other,None
None,Assumption,Assumption
Anecdote,Anecdote,Anecdote
Anecdote,Anecdote,Anecdote
Anecdote,Anecdote,Anecdote
Assumption,Assumption,Assumption
Assumption,Assumption,Assumption
Assumption,Assumption,Assumption
Other,Other,None
Other,Other,None
Assumption,Anecdote,Assumption
Assumption,Anecdote,Assumption
Other,None,None
Assumption,Assumption,Assumption
Other,Other,Other
Assumption,Assumption,Assumption
Assumption,Assumption,Assumption
Assumption,Assumption,Assumption
Assumption,Assumption,Assumption
Assumption,Assumption,Assumption
Assumption,Assumption,Assumption
Assumption,None,None
Assumption,Assumption,Assumption
Assumption,Assumption,Assumption
Assumption,Assumption,Assumption
Assumption,None,Assumption
Assumption,Assumption,Assumption
Assumption,Assumption,Assumption
Assumption,Assumption,Assumption
Assumption,Assumption,Assumption
None,None,None
None,None,None
Assumption,None,Other
Assumption,Assumption,Assumption
Assumption,Assumption,Assumption
Assumption,Other,None
Assumption,Assumption,Assumption
Assumption,Assumption,Assumption
Assumption,Assumption,Assumption
None,Assumption,Assumption
Other,None,None
Other,None,None
Other,None,None
Assumption,Anecdote,Anecdote
Assumption,None,Anecdote
Assumption,None,None
Assumption,Assumption,Assumption
Assumption,Assumption,Assumption
Assumption,Other,None
Assumption,Other,None
Assumption,Assumption,Assumption
Assumption,Anecdote,Anecdote
Assumption,Anecdote,Anecdote
None,None,None
None,None,Assumption
Assumption,Assumption,Assumption
Assumption,Assumption,Assumption
Assumption,None,None
Assumption,None,None
Assumption,None,Assumption
Assumption,Anecdote,Assumption
Assumption,Anecdote,Anecdote
Assumption,None,None
Assumption,None,None
Assumption,None,Assumption
Other,None,None
Other,None,None
Assumption,Assumption,Assumption
Assumption,Anecdote,Assumption
Assumption,Assumption,Assumption
Assumption,Assumption,Assumption
Assumption,Assumption,Assumption
Assumption,Assumption,Assumption
Assumption,Assumption,Assumption
Assumption,Assumption,Assumption
Assumption,Assumption,Assumption
Assumption,Assumption,Assumption
Assumption,Assumption,Assumption
Assumption,None,None
Assumption,Assumption,None
Anecdote,Anecdote,Anecdote
Anecdote,Assumption,Assumption
Definition,Assumption,Assumption
Assumption,Assumption,Assumption
Assumption,Assumption,Assumption
Assumption,Other,Other
Assumption,Assumption,Assumption
Testimony,Testimony,Testimony
Testimony,Testimony,None
Testimony,Testimony,Testimony
Testimony,Testimony,Testimony
Testimony,Testimony,Testimony
Testimony,Testimony,Testimony
Testimony,Testimony,Testimony
None,None,None
Assumption,Assumption,Assumption
Assumption,Assumption,Assumption
Assumption,Assumption,Assumption
Assumption,Assumption,Assumption
Assumption,Assumption,Assumption
Assumption,Assumption,Assumption
Assumption,Assumption,Assumption
Assumption,Assumption,Assumption
Assumption,Assumption,Assumption
Assumption,Assumption,Assumption
None,Assumption,Assumption
None,Assumption,None
Anecdote,Anecdote,Anecdote
Anecdote,Anecdote,Anecdote
Assumption,Assumption,Assumption
None,None,None
None,Testimony,None
Testimony,Testimony,None
None,None,None
None,None,None
Assumption,Assumption,Assumption
Definition,Assumption,Assumption
Assumption,Assumption,Assumption
Assumption,Assumption,Assumption
None,None,None
Anecdote,Anecdote,Anecdote
Anecdote,Anecdote,Anecdote
Assumption,Assumption,Assumption
Assumption,Assumption,Assumption
Assumption,Assumption,Assumption
Anecdote,Anecdote,Anecdote
Anecdote,Anecdote,Anecdote
Anecdote,Anecdote,Anecdote
Assumption,Assumption,Assumption
Assumption,Assumption,Assumption
Assumption,Assumption,Assumption
Assumption,Assumption,Assumption
Assumption,Assumption,Assumption
Assumption,Anecdote,Assumption
Assumption,Assumption,Assumption
Assumption,Assumption,Assumption
Assumption,None,Assumption
Assumption,Assumption,Assumption
Assumption,Assumption,Assumption
Assumption,Assumption,Assumption
Assumption,Assumption,Assumption
Assumption,Assumption,Assumption
Assumption,Assumption,Assumption
Assumption,Assumption,Assumption
Assumption,Assumption,Assumption
Assumption,Assumption,Assumption
Assumption,Assumption,Assumption
None,Assumption,Assumption
Assumption,Assumption,Assumption
Assumption,Assumption,Assumption
None,None,None
None,None,None
Assumption,Other,None
Assumption,Assumption,Assumption
Assumption,Assumption,Assumption
Assumption,Assumption,Assumption
Assumption,Assumption,Assumption
Anecdote,Assumption,Assumption
Anecdote,Anecdote,Assumption
Assumption,Anecdote,Assumption
Assumption,Anecdote,Assumption
None,None,Assumption
Assumption,Assumption,Assumption
Assumption,Assumption,Assumption
Assumption,Assumption,Assumption
None,None,None
Assumption,None,None
Assumption,Other,Other
Assumption,Assumption,Other
Assumption,None,None
Assumption,Assumption,Assumption
Assumption,Assumption,Assumption
Assumption,Assumption,Assumption
Assumption,Assumption,Assumption
Assumption,Assumption,Assumption
Assumption,Assumption,Assumption
Assumption,Other,Assumption
Assumption,Assumption,Other
Assumption,Assumption,Assumption
Assumption,None,Assumption
None,None,None
None,None,None
Assumption,None,None
Assumption,None,None
None,Assumption,None
Assumption,Assumption,Assumption
Assumption,Assumption,Assumption
Assumption,Assumption,Assumption
Assumption,None,Assumption
Definition,None,Testimony
Definition,Assumption,Testimony
Definition,Assumption,Assumption
Definition,Testimony,Assumption
Testimony,None,Testimony
Testimony,None,Testimony
Testimony,Assumption,Testimony
Assumption,Assumption,Assumption
Other,Assumption,None
Other,Assumption,None
Assumption,None,Assumption
Assumption,Assumption,Assumption
Assumption,Assumption,Assumption
Assumption,Assumption,Assumption
Other,Assumption,Other
Assumption,Assumption,Other
Assumption,Assumption,Assumption
Assumption,Assumption,Assumption
Assumption,Assumption,Assumption
Assumption,Assumption,Assumption
Assumption,Assumption,Assumption
Assumption,Assumption,Assumption
None,None,None
Assumption,Assumption,None
Assumption,Assumption,None
Assumption,Assumption,Assumption
Assumption,Assumption,Assumption
Definition,Assumption,None
Definition,Assumption,None
Definition,None,None
Definition,None,None
Definition,Assumption,Assumption
Assumption,Assumption,Assumption
Assumption,None,Assumption
Assumption,Assumption,None
Assumption,Assumption,None
Assumption,Assumption,Assumption
Assumption,Assumption,Assumption
Assumption,None,None
Assumption,Assumption,Assumption
Assumption,Assumption,Assumption
Assumption,None,None
Anecdote,Assumption,Assumption
Anecdote,Assumption,Assumption
Assumption,Assumption,Assumption
Assumption,Other,None
Other,Other,Other
Assumption,Assumption,Assumption
Anecdote,None,None
Anecdote,None,None
Anecdote,Assumption,Assumption
Assumption,Other,None
Assumption,None,None
Assumption,None,Assumption
Assumption,None,Assumption
Anecdote,Anecdote,Anecdote
Anecdote,Anecdote,Anecdote
Assumption,Assumption,None
Assumption,Anecdote,Anecdote
Assumption,Assumption,Assumption
None,None,None
Assumption,Assumption,Assumption
Assumption,Assumption,None
Assumption,Assumption,Assumption
Assumption,None,Assumption
Assumption,None,Assumption
Assumption,Assumption,Assumption
Assumption,Assumption,Assumption
Assumption,Assumption,None
Assumption,None,None
Assumption,None,None
Assumption,None,None
Assumption,None,Assumption
Assumption,Definition,Assumption
Assumption,Assumption,None
Assumption,Assumption,Assumption
Other,None,None
Other,Anecdote,None
Assumption,Assumption,Assumption
Assumption,None,None
Assumption,Assumption,Assumption
Assumption,Assumption,Assumption
Assumption,Assumption,None
Assumption,Assumption,None
Assumption,Assumption,Assumption
Assumption,Assumption,Assumption
Assumption,Assumption,Assumption
Assumption,None,None
Assumption,Assumption,None
Assumption,Assumption,None
Assumption,Assumption,Assumption
Assumption,Assumption,None
Assumption,Assumption,None
Assumption,Assumption,None
Assumption,Other,None
Assumption,Assumption,None
Assumption,Assumption,None
Assumption,Assumption,None
Assumption,Definition,Assumption
Anecdote,Assumption,Anecdote
Anecdote,Assumption,Anecdote
Assumption,Assumption,Anecdote
Anecdote,Anecdote,None
Anecdote,Anecdote,None
Assumption,Assumption,None
Assumption,Assumption,None
Assumption,Assumption,None
Assumption,Other,Other
Assumption,Other,Other
Assumption,Other,Other
Assumption,Assumption,None
Other,None,None
Assumption,Assumption,None
Assumption,Assumption,None
Assumption,Definition,Assumption
Assumption,None,Assumption
Assumption,Assumption,Assumption
Assumption,Assumption,Assumption
Assumption,Assumption,Assumption
Assumption,Assumption,Anecdote
Assumption,Assumption,Anecdote
Assumption,Assumption,Anecdote
Assumption,Assumption,Assumption
Anecdote,Anecdote,Anecdote
Anecdote,Assumption,Assumption
Assumption,Assumption,Assumption
Assumption,None,Assumption
Definition,Definition,None
Assumption,Definition,None
Assumption,Definition,None
Assumption,Definition,None
Assumption,Assumption,Assumption
Assumption,Assumption,Assumption
Assumption,None,Assumption
Assumption,Assumption,None
Assumption,None,Assumption
Assumption,None,Assumption
Assumption,Definition,Assumption
Assumption,Definition,Anecdote
None,None,None
Assumption,Assumption,None
Assumption,Assumption,Assumption
Assumption,None,None
Assumption,Assumption,Assumption
Assumption,Other,None
Assumption,Assumption,None
Assumption,None,None
Assumption,Assumption,None
Assumption,Assumption,Assumption
Assumption,Assumption,Assumption
Assumption,Assumption,Assumption
Assumption,Definition,None
Assumption,Definition,Assumption
Assumption,None,Assumption
Assumption,Assumption,None
Assumption,Assumption,Assumption
Assumption,Assumption,Assumption
Assumption,Anecdote,Assumption
Assumption,Anecdote,Assumption
None,None,Assumption
Assumption,Assumption,Assumption
Assumption,Assumption,Assumption
Assumption,None,Assumption
Assumption,None,None
Assumption,Definition,Assumption
Assumption,Assumption,Assumption
Assumption,Assumption,None
Assumption,None,None
Assumption,None,None
Assumption,None,None
Assumption,Other,None
Assumption,Testimony,Testimony
Assumption,Testimony,Assumption
Assumption,Testimony,Assumption
Assumption,Testimony,Anecdote
Assumption,Assumption,Assumption
Assumption,Assumption,Assumption
Assumption,Assumption,Assumption
Assumption,Assumption,Assumption
Assumption,Assumption,Assumption
Assumption,Assumption,Assumption
Assumption,Assumption,Assumption
Assumption,Assumption,Assumption
Assumption,Assumption,Anecdote
Assumption,Assumption,Anecdote
None,Assumption,Anecdote
None,Anecdote,Anecdote
None,Anecdote,Anecdote
None,Anecdote,Anecdote
Assumption,Assumption,Anecdote
Definition,Assumption,Definition
Anecdote,Anecdote,Anecdote
Assumption,Assumption,Anecdote
Assumption,Assumption,Assumption
Assumption,Assumption,Assumption
Assumption,Assumption,Assumption
Assumption,Assumption,Assumption
Anecdote,None,Anecdote
Assumption,Assumption,Anecdote
None,None,Assumption
Assumption,Assumption,Assumption
Assumption,Assumption,Assumption
Assumption,Assumption,Assumption
Assumption,None,None
Assumption,Assumption,Assumption
Assumption,None,None
Assumption,Assumption,Assumption
Assumption,Assumption,Assumption
Assumption,None,Assumption
Assumption,Assumption,Assumption
Assumption,Assumption,Assumption
Assumption,Assumption,Assumption
Assumption,Assumption,Assumption
None,None,None
None,None,None
Assumption,Assumption,None
Assumption,Assumption,None
Assumption,None,Anecdote
Assumption,None,None
Testimony,Assumption,Assumption
Testimony,Assumption,Assumption
Testimony,Assumption,Assumption
Assumption,Assumption,Assumption
Assumption,Assumption,Assumption
Anecdote,Anecdote,Anecdote
Assumption,Assumption,Assumption
Anecdote,Anecdote,Anecdote
None,None,Assumption
Other,None,None
Other,Assumption,None
Assumption,Assumption,Assumption
Assumption,Assumption,Assumption
Assumption,Assumption,Assumption
Assumption,Assumption,Assumption
Assumption,Assumption,Assumption
None,None,None
Assumption,Assumption,Assumption
None,None,None
Other,Assumption,None
Other,None,None
Other,None,None
Assumption,Assumption,None
Definition,Definition,Definition
Definition,Definition,Definition
Assumption,Assumption,None
Assumption,Assumption,Anecdote
Assumption,Assumption,Assumption
Assumption,Assumption,Assumption
Assumption,Assumption,Assumption
Assumption,Assumption,Assumption
Assumption,Assumption,Assumption
Assumption,Assumption,Assumption
Assumption,Assumption,Assumption
Assumption,Assumption,Assumption
Assumption,Assumption,Assumption
Other,Assumption,None
Other,None,None
Other,None,None
Assumption,Assumption,Assumption
Assumption,Assumption,Assumption
Assumption,Assumption,Assumption
Assumption,Definition,Anecdote
Assumption,Definition,None
Assumption,Assumption,None
Assumption,None,None
Assumption,None,None
Assumption,None,None
Assumption,None,Assumption
Assumption,None,Assumption
Assumption,Assumption,None
Assumption,None,None
Assumption,Assumption,Assumption
Assumption,Assumption,Assumption
Anecdote,Anecdote,Anecdote
Anecdote,Anecdote,Anecdote
Anecdote,Anecdote,Anecdote
Anecdote,Anecdote,Anecdote
None,None,Anecdote
Assumption,Assumption,Assumption
Assumption,Assumption,Assumption
Assumption,Assumption,Assumption
Assumption,None,Assumption
None,None,None
Assumption,Other,None
Assumption,None,None
Assumption,None,None
Assumption,None,None
Assumption,Assumption,None
Assumption,Assumption,None
Assumption,Assumption,None
Assumption,Assumption,None
Assumption,None,None
Assumption,None,None
None,None,None
Assumption,Assumption,Assumption
None,None,None
Assumption,Assumption,None
Assumption,Assumption,Assumption
Assumption,None,None
Assumption,None,None
Anecdote,Testimony,Anecdote
Anecdote,Testimony,Anecdote
Anecdote,Testimony,Anecdote
Assumption,Assumption,Anecdote
None,None,None
Assumption,Assumption,None
Assumption,Assumption,None
Assumption,Assumption,Anecdote
Assumption,None,None
Assumption,Assumption,None
Assumption,Assumption,None
Anecdote,Anecdote,Anecdote
Assumption,Assumption,Assumption
Assumption,Assumption,Assumption
Assumption,Assumption,Assumption
Assumption,Assumption,Assumption
None,None,None
None,Assumption,Assumption
Assumption,Assumption,Statistics/Study
Anecdote,Anecdote,Testimony
Anecdote,Anecdote,Testimony
Assumption,None,None
Assumption,Assumption,None
Assumption,Anecdote,None
Assumption,Anecdote,None
None,None,None
Assumption,Assumption,None
Assumption,None,None
Assumption,Assumption,Assumption
Assumption,Definition,Assumption
Assumption,Assumption,Assumption
Anecdote,Anecdote,Anecdote
Anecdote,Anecdote,Anecdote
Anecdote,Anecdote,Anecdote
Assumption,None,Assumption
Anecdote,Anecdote,None
Anecdote,Anecdote,Anecdote
Anecdote,Anecdote,Anecdote
Assumption,Assumption,None
Assumption,None,None
Assumption,None,None
Assumption,None,None
Assumption,None,None
Assumption,None,None
Anecdote,Anecdote,Testimony
Anecdote,None,Anecdote
Anecdote,Assumption,Anecdote
Assumption,None,Anecdote
Assumption,Assumption,Assumption
Assumption,None,Assumption
Assumption,Assumption,Assumption
None,None,Assumption
Assumption,None,None
Assumption,Assumption,None
Assumption,None,None
Assumption,Assumption,Assumption
Assumption,None,None
Assumption,None,Assumption
Assumption,None,Assumption
Assumption,None,Assumption
Assumption,None,Assumption
Assumption,Assumption,Assumption
Other,Assumption,None
Other,Assumption,None
Assumption,Assumption,None
Assumption,None,None
Assumption,None,None
Assumption,None,None
Assumption,Assumption,None
Assumption,Assumption,Assumption
Assumption,Assumption,Assumption
Assumption,Assumption,Assumption
Assumption,None,Assumption
None,None,None
None,None,None
Assumption,None,None
Assumption,None,Assumption
Assumption,None,None
Assumption,Assumption,None
Assumption,Assumption,None
Assumption,Assumption,None
Anecdote,Statistics/Study,Testimony
Assumption,Assumption,Testimony
Assumption,Assumption,Assumption
None,None,None
Assumption,Assumption,None
Assumption,Assumption,Assumption
Assumption,Assumption,Assumption
Assumption,Assumption,Assumption
Assumption,Assumption,Assumption
Assumption,Assumption,Assumption
Assumption,Assumption,Assumption
Assumption,Assumption,Assumption
Assumption,Assumption,Assumption
Assumption,Assumption,Assumption
Assumption,None,Assumption
Assumption,Assumption,None
None,None,None
Assumption,Other,None
Assumption,Other,None
Assumption,Other,None
Assumption,Other,None
Anecdote,None,Anecdote
Anecdote,Anecdote,Anecdote
Anecdote,Anecdote,Anecdote
Anecdote,Anecdote,Anecdote
Anecdote,Anecdote,Anecdote
Assumption,Assumption,Assumption
